,id,title,url,date,flair,sentiment score
139,9660mi,"Daily Discussion Thread - August 10, 2018",https://www.reddit.com/r/wallstreetbets/comments/9660mi/daily_discussion_thread_august_10_2018/,2018-08-10,Daily Discussion,-9.881200000000003
141,97hd9r,"Daily Discussion Thread - August 15, 2018",https://www.reddit.com/r/wallstreetbets/comments/97hd9r/daily_discussion_thread_august_15_2018/,2018-08-15,Daily Discussion,-17.4916
144,98sook,"Daily Discussion Thread - August 20, 2018",https://www.reddit.com/r/wallstreetbets/comments/98sook/daily_discussion_thread_august_20_2018/,2018-08-20,Daily Discussion,-0.8501000000000002
147,99mgws,"Daily Discussion Thread - August 23, 2018",https://www.reddit.com/r/wallstreetbets/comments/99mgws/daily_discussion_thread_august_23_2018/,2018-08-23,Daily Discussion,3.9756000000000014
149,9ao1di,"Daily Discussion Thread - August 27, 2018",https://www.reddit.com/r/wallstreetbets/comments/9ao1di/daily_discussion_thread_august_27_2018/,2018-08-27,Daily Discussion,-4.021700000000002
150,9b8boe,"Daily Discussion Thread - August 29, 2018",https://www.reddit.com/r/wallstreetbets/comments/9b8boe/daily_discussion_thread_august_29_2018/,2018-08-29,Daily Discussion,6.743399999999999
152,9ckmn6,"Daily Discussion Thread - September 03, 2018",https://www.reddit.com/r/wallstreetbets/comments/9ckmn6/daily_discussion_thread_september_03_2018/,2018-09-03,Daily Discussion,-0.42000000000000004
153,9cumz2,"Daily Discussion Thread - September 04, 2018",https://www.reddit.com/r/wallstreetbets/comments/9cumz2/daily_discussion_thread_september_04_2018/,2018-09-04,Daily Discussion,9.353399999999997
154,9d5gvh,"Daily Discussion Thread - September 05, 2018",https://www.reddit.com/r/wallstreetbets/comments/9d5gvh/daily_discussion_thread_september_05_2018/,2018-09-05,Daily Discussion,-19.516400000000004
156,9dtcav,"Daily Discussion Thread - September 07, 2018",https://www.reddit.com/r/wallstreetbets/comments/9dtcav/daily_discussion_thread_september_07_2018/,2018-09-07,Daily Discussion,-8.725599999999991
157,9em4d5,"Daily Discussion Thread - September 10, 2018",https://www.reddit.com/r/wallstreetbets/comments/9em4d5/daily_discussion_thread_september_10_2018/,2018-09-10,Daily Discussion,-6.388599999999995
158,9ewkx4,"Daily Discussion Thread - September 11, 2018",https://www.reddit.com/r/wallstreetbets/comments/9ewkx4/daily_discussion_thread_september_11_2018/,2018-09-11,Daily Discussion,1.0556999999999985
159,9fh22a,"Daily Discussion Thread - September 13, 2018",https://www.reddit.com/r/wallstreetbets/comments/9fh22a/daily_discussion_thread_september_13_2018/,2018-09-13,Daily Discussion,2.401500000000002
161,9frsvl,"Daily Discussion Thread - September 14, 2018",https://www.reddit.com/r/wallstreetbets/comments/9frsvl/daily_discussion_thread_september_14_2018/,2018-09-14,Daily Discussion,4.803999999999998
167,9hecrp,"Daily Discussion Thread - September 20, 2018",https://www.reddit.com/r/wallstreetbets/comments/9hecrp/daily_discussion_thread_september_20_2018/,2018-09-20,Daily Discussion,5.616799999999993
168,9holqp,"Daily Discussion Thread - September 21, 2018",https://www.reddit.com/r/wallstreetbets/comments/9holqp/daily_discussion_thread_september_21_2018/,2018-09-21,Daily Discussion,-6.119000000000001
169,9igzq4,"Daily Discussion Thread - September 24, 2018",https://www.reddit.com/r/wallstreetbets/comments/9igzq4/daily_discussion_thread_september_24_2018/,2018-09-24,Daily Discussion,7.044400000000001
170,9ir6gf,"Daily Discussion Thread - September 25, 2018",https://www.reddit.com/r/wallstreetbets/comments/9ir6gf/daily_discussion_thread_september_25_2018/,2018-09-25,Daily Discussion,11.702099999999998
171,9j1i98,"Daily Discussion Thread - September 26, 2018",https://www.reddit.com/r/wallstreetbets/comments/9j1i98/daily_discussion_thread_september_26_2018/,2018-09-26,Daily Discussion,-11.054000000000002
172,9jbwhf,"Daily Discussion Thread - September 27, 2018",https://www.reddit.com/r/wallstreetbets/comments/9jbwhf/daily_discussion_thread_september_27_2018/,2018-09-27,Daily Discussion,-2.3002999999999996
173,9jm0u9,"Daily Discussion Thread - September 28, 2018",https://www.reddit.com/r/wallstreetbets/comments/9jm0u9/daily_discussion_thread_september_28_2018/,2018-09-28,Daily Discussion,0.629599999999999
176,9kpnpc,"Daily Discussion Thread - October 02, 2018",https://www.reddit.com/r/wallstreetbets/comments/9kpnpc/daily_discussion_thread_october_02_2018/,2018-10-02,Daily Discussion,-10.201799999999988
177,9lavx4,"Daily Discussion Thread - October 04, 2018",https://www.reddit.com/r/wallstreetbets/comments/9lavx4/daily_discussion_thread_october_04_2018/,2018-10-04,Daily Discussion,-20.08299999999999
178,9llazk,"Daily Discussion Thread - October 05, 2018",https://www.reddit.com/r/wallstreetbets/comments/9llazk/daily_discussion_thread_october_05_2018/,2018-10-05,Daily Discussion,-10.859000000000002
179,9mdwra,"Daily Discussion Thread - October 08, 2018",https://www.reddit.com/r/wallstreetbets/comments/9mdwra/daily_discussion_thread_october_08_2018/,2018-10-08,Daily Discussion,-22.449699999999996
181,9n8ydn,"Daily Discussion Thread - October 11, 2018",https://www.reddit.com/r/wallstreetbets/comments/9n8ydn/daily_discussion_thread_october_11_2018/,2018-10-11,Daily Discussion,-14.275899999999982
183,9qnwg6,"Daily Discussion Thread - October 23, 2018",https://www.reddit.com/r/wallstreetbets/comments/9qnwg6/daily_discussion_thread_october_23_2018/,2018-10-23,Daily Discussion,-24.816299999999995
184,9qyn1l,"Daily Discussion Thread - October 24, 2018",https://www.reddit.com/r/wallstreetbets/comments/9qyn1l/daily_discussion_thread_october_24_2018/,2018-10-24,Daily Discussion,-19.39700000000002
185,9r99i1,"Daily Discussion Thread - October 25, 2018",https://www.reddit.com/r/wallstreetbets/comments/9r99i1/daily_discussion_thread_october_25_2018/,2018-10-25,Daily Discussion,-13.904199999999994
187,9sc3oa,"Daily Discussion Thread - October 29, 2018",https://www.reddit.com/r/wallstreetbets/comments/9sc3oa/daily_discussion_thread_october_29_2018/,2018-10-29,Daily Discussion,-9.34449999999999
188,9smtdh,"Daily Discussion Thread - October 30, 2018",https://www.reddit.com/r/wallstreetbets/comments/9smtdh/daily_discussion_thread_october_30_2018/,2018-10-30,Daily Discussion,-11.530599999999993
190,9ucmkq,"Daily Discussion Thread - November 05, 2018",https://www.reddit.com/r/wallstreetbets/comments/9ucmkq/daily_discussion_thread_november_05_2018/,2018-11-05,Daily Discussion,-0.6338000000000027
191,9unf92,"Daily Discussion Thread - November 06, 2018",https://www.reddit.com/r/wallstreetbets/comments/9unf92/daily_discussion_thread_november_06_2018/,2018-11-06,Daily Discussion,5.329000000000004
193,9vjjyh,"Daily Discussion Thread - November 09, 2018",https://www.reddit.com/r/wallstreetbets/comments/9vjjyh/daily_discussion_thread_november_09_2018/,2018-11-09,Daily Discussion,-22.292300000000004
195,9wo5ap,"Daily Discussion Thread - November 13, 2018",https://www.reddit.com/r/wallstreetbets/comments/9wo5ap/daily_discussion_thread_november_13_2018/,2018-11-13,Daily Discussion,0.6926000000000068
197,9xa96m,"Daily Discussion Thread - November 15, 2018",https://www.reddit.com/r/wallstreetbets/comments/9xa96m/daily_discussion_thread_november_15_2018/,2018-11-15,Daily Discussion,-16.54390000000001
198,9xl8og,"Daily Discussion Thread - November 16, 2018",https://www.reddit.com/r/wallstreetbets/comments/9xl8og/daily_discussion_thread_november_16_2018/,2018-11-16,Daily Discussion,-16.538199999999993
199,9yr7v0,"Daily Discussion Thread - November 20, 2018",https://www.reddit.com/r/wallstreetbets/comments/9yr7v0/daily_discussion_thread_november_20_2018/,2018-11-20,Daily Discussion,-30.3777
200,9z2ah8,"Daily Discussion Thread - November 21, 2018",https://www.reddit.com/r/wallstreetbets/comments/9z2ah8/daily_discussion_thread_november_21_2018/,2018-11-21,Daily Discussion,-15.709099999999996
201,9zd7xd,"Daily Discussion Thread - November 22, 2018",https://www.reddit.com/r/wallstreetbets/comments/9zd7xd/daily_discussion_thread_november_22_2018/,2018-11-22,Daily Discussion,4.3725
202,9znezw,"Daily Discussion Thread - November 23, 2018",https://www.reddit.com/r/wallstreetbets/comments/9znezw/daily_discussion_thread_november_23_2018/,2018-11-23,Daily Discussion,-12.274799999999995
204,a0tvvh,"Daily Discussion Thread - November 27, 2018",https://www.reddit.com/r/wallstreetbets/comments/a0tvvh/daily_discussion_thread_november_27_2018/,2018-11-27,Daily Discussion,2.7179999999999986
206,a1rif8,"Daily Discussion Thread - November 30, 2018",https://www.reddit.com/r/wallstreetbets/comments/a1rif8/daily_discussion_thread_november_30_2018/,2018-11-30,Daily Discussion,-3.400399999999996
207,a2novy,"Daily Discussion Thread - December 03, 2018",https://www.reddit.com/r/wallstreetbets/comments/a2novy/daily_discussion_thread_december_03_2018/,2018-12-03,Daily Discussion,-3.329899999999997
210,a3ywzx,"Daily Discussion Thread - December 07, 2018",https://www.reddit.com/r/wallstreetbets/comments/a3ywzx/daily_discussion_thread_december_07_2018/,2018-12-07,Daily Discussion,9.163200000000002
211,a55vq2,"Daily Discussion Thread - December 11, 2018",https://www.reddit.com/r/wallstreetbets/comments/a55vq2/daily_discussion_thread_december_11_2018/,2018-12-11,Daily Discussion,-11.240399999999989
214,a6yw27,"Daily Discussion Thread - December 17, 2018",https://www.reddit.com/r/wallstreetbets/comments/a6yw27/daily_discussion_thread_december_17_2018/,2018-12-17,Daily Discussion,-15.401600000000002
215,a7a4of,"Daily Discussion Thread - December 18, 2018",https://www.reddit.com/r/wallstreetbets/comments/a7a4of/daily_discussion_thread_december_18_2018/,2018-12-18,Daily Discussion,1.8966999999999998
216,a7lgko,"Daily Discussion Thread - December 19, 2018",https://www.reddit.com/r/wallstreetbets/comments/a7lgko/daily_discussion_thread_december_19_2018/,2018-12-19,Daily Discussion,-12.813499999999998
217,a88ydu,"Daily Discussion Thread - December 21, 2018",https://www.reddit.com/r/wallstreetbets/comments/a88ydu/daily_discussion_thread_december_21_2018/,2018-12-21,Daily Discussion,-4.528799999999998
218,a944ma,"Daily Discussion Thread - December 24, 2018",https://www.reddit.com/r/wallstreetbets/comments/a944ma/daily_discussion_thread_december_24_2018/,2018-12-24,Daily Discussion,5.045499999999998
219,a9e51f,"Daily Discussion Thread - December 25, 2018",https://www.reddit.com/r/wallstreetbets/comments/a9e51f/daily_discussion_thread_december_25_2018/,2018-12-25,Daily Discussion,3.1623000000000006
221,aa9eqd,"Daily Discussion Thread - December 28, 2018",https://www.reddit.com/r/wallstreetbets/comments/aa9eqd/daily_discussion_thread_december_28_2018/,2018-12-28,Daily Discussion,-15.862300000000005
224,absgf6,"Daily Discussion Thread - January 02, 2019",https://www.reddit.com/r/wallstreetbets/comments/absgf6/daily_discussion_thread_january_02_2019/,2019-01-02,Daily Discussion,-14.7503
225,ac4pwa,"Daily Discussion Thread - January 03, 2019",https://www.reddit.com/r/wallstreetbets/comments/ac4pwa/daily_discussion_thread_january_03_2019/,2019-01-03,Daily Discussion,0.8323000000000012
226,ach5rr,"Daily Discussion Thread - January 04, 2019",https://www.reddit.com/r/wallstreetbets/comments/ach5rr/daily_discussion_thread_january_04_2019/,2019-01-04,Daily Discussion,-4.266999999999997
227,adt74n,"Daily Discussion Thread - January 08, 2019",https://www.reddit.com/r/wallstreetbets/comments/adt74n/daily_discussion_thread_january_08_2019/,2019-01-08,Daily Discussion,-4.6255999999999995
228,ae5tr8,"Daily Discussion Thread - January 09, 2019",https://www.reddit.com/r/wallstreetbets/comments/ae5tr8/daily_discussion_thread_january_09_2019/,2019-01-09,Daily Discussion,3.7436999999999987
230,aeucne,"Daily Discussion Thread - January 11, 2019",https://www.reddit.com/r/wallstreetbets/comments/aeucne/daily_discussion_thread_january_11_2019/,2019-01-11,Daily Discussion,-7.5949
232,ah9e1i,"Daily Discussion Thread - January 18, 2019",https://www.reddit.com/r/wallstreetbets/comments/ah9e1i/daily_discussion_thread_january_18_2019/,2019-01-18,Daily Discussion,-0.7954999999999961
233,ai94kp,"Daily Discussion Thread - January 21, 2019",https://www.reddit.com/r/wallstreetbets/comments/ai94kp/daily_discussion_thread_january_21_2019/,2019-01-21,Daily Discussion,0.7430000000000001
234,aiymv6,"Daily Discussion Thread - January 23, 2019",https://www.reddit.com/r/wallstreetbets/comments/aiymv6/daily_discussion_thread_january_23_2019/,2019-01-23,Daily Discussion,-8.101199999999997
235,ajbdeh,"Daily Discussion Thread - January 24, 2019",https://www.reddit.com/r/wallstreetbets/comments/ajbdeh/daily_discussion_thread_january_24_2019/,2019-01-24,Daily Discussion,-6.0943000000000005
236,ajnza1,"Daily Discussion Thread - January 25, 2019",https://www.reddit.com/r/wallstreetbets/comments/ajnza1/daily_discussion_thread_january_25_2019/,2019-01-25,Daily Discussion,-17.113699999999984
237,akmfu6,"Daily Discussion Thread - January 28, 2019",https://www.reddit.com/r/wallstreetbets/comments/akmfu6/daily_discussion_thread_january_28_2019/,2019-01-28,Daily Discussion,-22.03709999999999
238,akyzav,"Daily Discussion Thread - January 29, 2019",https://www.reddit.com/r/wallstreetbets/comments/akyzav/daily_discussion_thread_january_29_2019/,2019-01-29,Daily Discussion,0.9741000000000004
241,aofh3m,"Daily Discussion Thread - February 08, 2019",https://www.reddit.com/r/wallstreetbets/comments/aofh3m/daily_discussion_thread_february_08_2019/,2019-02-08,Daily Discussion,-12.719399999999988
242,apf6gv,"Daily Discussion Thread - February 11, 2019",https://www.reddit.com/r/wallstreetbets/comments/apf6gv/daily_discussion_thread_february_11_2019/,2019-02-11,Daily Discussion,-21.05239999999999
243,aps8zq,"Daily Discussion Thread - February 12, 2019",https://www.reddit.com/r/wallstreetbets/comments/aps8zq/daily_discussion_thread_february_12_2019/,2019-02-12,Daily Discussion,5.766500000000002
244,aq5gux,"Daily Discussion Thread - February 13, 2019",https://www.reddit.com/r/wallstreetbets/comments/aq5gux/daily_discussion_thread_february_13_2019/,2019-02-13,Daily Discussion,8.1456
245,aqimsh,"Daily Discussion Thread - February 14, 2019",https://www.reddit.com/r/wallstreetbets/comments/aqimsh/daily_discussion_thread_february_14_2019/,2019-02-14,Daily Discussion,-10.811099999999998
246,arw5pg,"Daily Discussion Thread - February 18, 2019",https://www.reddit.com/r/wallstreetbets/comments/arw5pg/daily_discussion_thread_february_18_2019/,2019-02-18,Daily Discussion,-3.6668999999999965
247,as98q8,"Daily Discussion Thread - February 19, 2019",https://www.reddit.com/r/wallstreetbets/comments/as98q8/daily_discussion_thread_february_19_2019/,2019-02-19,Daily Discussion,0.7606000000000026
248,asn2za,"Daily Discussion Thread - February 20, 2019",https://www.reddit.com/r/wallstreetbets/comments/asn2za/daily_discussion_thread_february_20_2019/,2019-02-20,Daily Discussion,-8.428799999999995
249,atg9x8,"Daily Discussion Thread - February 22, 2019",https://www.reddit.com/r/wallstreetbets/comments/atg9x8/daily_discussion_thread_february_22_2019/,2019-02-22,Daily Discussion,-0.9863000000000011
250,auy8jx,"Daily Discussion Thread - February 26, 2019",https://www.reddit.com/r/wallstreetbets/comments/auy8jx/daily_discussion_thread_february_26_2019/,2019-02-26,Daily Discussion,-15.757099999999982
253,aw3n6d,"Daily Discussion Thread - March 01, 2019",https://www.reddit.com/r/wallstreetbets/comments/aw3n6d/daily_discussion_thread_march_01_2019/,2019-03-01,Daily Discussion,-4.8984000000000005
254,axjyk3,"Daily Discussion Thread - March 05, 2019",https://www.reddit.com/r/wallstreetbets/comments/axjyk3/daily_discussion_thread_march_05_2019/,2019-03-05,Daily Discussion,-6.611699999999998
258,azs500,"Daily Discussion Thread - March 11, 2019",https://www.reddit.com/r/wallstreetbets/comments/azs500/daily_discussion_thread_march_11_2019/,2019-03-11,Daily Discussion,3.368700000000003
259,b06hok,"Daily Discussion Thread - March 12, 2019",https://www.reddit.com/r/wallstreetbets/comments/b06hok/daily_discussion_thread_march_12_2019/,2019-03-12,Daily Discussion,-0.8900999999999981
261,b0yzv7,"Daily Discussion Thread - March 14, 2019",https://www.reddit.com/r/wallstreetbets/comments/b0yzv7/daily_discussion_thread_march_14_2019/,2019-03-14,Daily Discussion,-8.975699999999998
262,b1dk8q,"Daily Discussion Thread - March 15, 2019",https://www.reddit.com/r/wallstreetbets/comments/b1dk8q/daily_discussion_thread_march_15_2019/,2019-03-15,Daily Discussion,12.3693
263,b2w270,"Daily Discussion Thread - March 19, 2019",https://www.reddit.com/r/wallstreetbets/comments/b2w270/daily_discussion_thread_march_19_2019/,2019-03-19,Daily Discussion,10.014700000000014
264,b3ao8b,"Daily Discussion Thread - March 20, 2019",https://www.reddit.com/r/wallstreetbets/comments/b3ao8b/daily_discussion_thread_march_20_2019/,2019-03-20,Daily Discussion,-10.0588
265,b3p7kc,"Daily Discussion Thread - March 21, 2019",https://www.reddit.com/r/wallstreetbets/comments/b3p7kc/daily_discussion_thread_march_21_2019/,2019-03-21,Daily Discussion,-11.834599999999995
266,b43r0p,"Daily Discussion Thread - March 22, 2019",https://www.reddit.com/r/wallstreetbets/comments/b43r0p/daily_discussion_thread_march_22_2019/,2019-03-22,Daily Discussion,3.6633999999999975
268,b5obpj,"Daily Discussion Thread - March 26, 2019",https://www.reddit.com/r/wallstreetbets/comments/b5obpj/daily_discussion_thread_march_26_2019/,2019-03-26,Daily Discussion,0.48279999999999934
269,b6342u,"Daily Discussion Thread - March 27, 2019",https://www.reddit.com/r/wallstreetbets/comments/b6342u/daily_discussion_thread_march_27_2019/,2019-03-27,Daily Discussion,2.0480000000000014
271,b8hs2t,"Daily Discussion Thread - April 02, 2019",https://www.reddit.com/r/wallstreetbets/comments/b8hs2t/daily_discussion_thread_april_02_2019/,2019-04-02,Daily Discussion,-5.610800000000004
272,b8wj7z,"Daily Discussion Thread - April 03, 2019",https://www.reddit.com/r/wallstreetbets/comments/b8wj7z/daily_discussion_thread_april_03_2019/,2019-04-03,Daily Discussion,10.705300000000001
273,b9bbe8,"Daily Discussion Thread - April 04, 2019",https://www.reddit.com/r/wallstreetbets/comments/b9bbe8/daily_discussion_thread_april_04_2019/,2019-04-04,Daily Discussion,15.804499999999994
277,bbyjlh,"Daily Discussion Thread - April 11, 2019",https://www.reddit.com/r/wallstreetbets/comments/bbyjlh/daily_discussion_thread_april_11_2019/,2019-04-11,Daily Discussion,-1.8281999999999972
279,bdslxt,"Daily Discussion Thread - April 16, 2019",https://www.reddit.com/r/wallstreetbets/comments/bdslxt/daily_discussion_thread_april_16_2019/,2019-04-16,Daily Discussion,8.212399999999997
281,bgt8xs,"Daily Discussion Thread - April 24, 2019",https://www.reddit.com/r/wallstreetbets/comments/bgt8xs/daily_discussion_thread_april_24_2019/,2019-04-24,Daily Discussion,-8.0248
282,bh7aut,"Daily Discussion Thread - April 25, 2019",https://www.reddit.com/r/wallstreetbets/comments/bh7aut/daily_discussion_thread_april_25_2019/,2019-04-25,Daily Discussion,19.55409999999999
284,bjfthc,"Daily Discussion Thread - May 01, 2019",https://www.reddit.com/r/wallstreetbets/comments/bjfthc/daily_discussion_thread_may_01_2019/,2019-05-01,Daily Discussion,-13.834899999999985
285,bjtn20,"Daily Discussion Thread - May 02, 2019",https://www.reddit.com/r/wallstreetbets/comments/bjtn20/daily_discussion_thread_may_02_2019/,2019-05-02,Daily Discussion,-6.722299999999999
286,blaqkn,"Daily Discussion Thread - May 06, 2019",https://www.reddit.com/r/wallstreetbets/comments/blaqkn/daily_discussion_thread_may_06_2019/,2019-05-06,Daily Discussion,-3.399099999999998
290,bohh3l,"Daily Discussion Thread - May 14, 2019",https://www.reddit.com/r/wallstreetbets/comments/bohh3l/daily_discussion_thread_may_14_2019/,2019-05-14,Daily Discussion,-8.678799999999997
291,bowk8d,"Daily Discussion Thread - May 15, 2019",https://www.reddit.com/r/wallstreetbets/comments/bowk8d/daily_discussion_thread_may_15_2019/,2019-05-15,Daily Discussion,-37.66950000000003
292,bpb5ww,"Daily Discussion Thread - May 16, 2019",https://www.reddit.com/r/wallstreetbets/comments/bpb5ww/daily_discussion_thread_may_16_2019/,2019-05-16,Daily Discussion,2.2818000000000014
293,bppu4r,"Daily Discussion Thread - May 17, 2019",https://www.reddit.com/r/wallstreetbets/comments/bppu4r/daily_discussion_thread_may_17_2019/,2019-05-17,Daily Discussion,4.767199999999998
299,burtcj,"Daily Discussion Thread - May 30, 2019",https://www.reddit.com/r/wallstreetbets/comments/burtcj/daily_discussion_thread_may_30_2019/,2019-05-30,Daily Discussion,-5.587900000000003
300,bv65t6,"Daily Discussion Thread - May 31, 2019",https://www.reddit.com/r/wallstreetbets/comments/bv65t6/daily_discussion_thread_may_31_2019/,2019-05-31,Daily Discussion,-14.427100000000003
302,bx1b70,"Daily Discussion Thread - June 05, 2019",https://www.reddit.com/r/wallstreetbets/comments/bx1b70/daily_discussion_thread_june_05_2019/,2019-06-05,Daily Discussion,-30.285199999999993
303,bxffts,"Daily Discussion Thread - June 06, 2019",https://www.reddit.com/r/wallstreetbets/comments/bxffts/daily_discussion_thread_june_06_2019/,2019-06-06,Daily Discussion,-9.885099999999998
314,c20wd5,"Daily Discussion Thread - June 18, 2019",https://www.reddit.com/r/wallstreetbets/comments/c20wd5/daily_discussion_thread_june_18_2019/,2019-06-18,Daily Discussion,1.9115999999999993
317,c5ohju,"Daily Discussion Thread - June 26, 2019",https://www.reddit.com/r/wallstreetbets/comments/c5ohju/daily_discussion_thread_june_26_2019/,2019-06-26,Daily Discussion,-9.332299999999991
319,c6iv89,"Daily Discussion Thread - June 28, 2019",https://www.reddit.com/r/wallstreetbets/comments/c6iv89/daily_discussion_thread_june_28_2019/,2019-06-28,Daily Discussion,-3.240800000000003
320,c87x3r,"Daily Discussion Thread - July 02, 2019",https://www.reddit.com/r/wallstreetbets/comments/c87x3r/daily_discussion_thread_july_02_2019/,2019-07-02,Daily Discussion,-4.1339999999999995
324,cbfc3z,"Daily Discussion Thread - July 10, 2019",https://www.reddit.com/r/wallstreetbets/comments/cbfc3z/daily_discussion_thread_july_10_2019/,2019-07-10,Daily Discussion,10.681700000000008
328,cdvkq7,"Daily Discussion Thread - July 16, 2019",https://www.reddit.com/r/wallstreetbets/comments/cdvkq7/daily_discussion_thread_july_16_2019/,2019-07-16,Daily Discussion,-14.853899999999994
329,cebd84,"Daily Discussion Thread - July 17, 2019",https://www.reddit.com/r/wallstreetbets/comments/cebd84/daily_discussion_thread_july_17_2019/,2019-07-17,Daily Discussion,-0.08370000000000025
331,cgr6xz,"Daily Discussion Thread - July 23, 2019",https://www.reddit.com/r/wallstreetbets/comments/cgr6xz/daily_discussion_thread_july_23_2019/,2019-07-23,Daily Discussion,10.092999999999998
332,ch6rdn,"Daily Discussion Thread - July 24, 2019",https://www.reddit.com/r/wallstreetbets/comments/ch6rdn/daily_discussion_thread_july_24_2019/,2019-07-24,Daily Discussion,4.041600000000003
333,ck6zrp,"Daily Discussion Thread - July 31, 2019",https://www.reddit.com/r/wallstreetbets/comments/ck6zrp/daily_discussion_thread_july_31_2019/,2019-07-31,Daily Discussion,-12.326400000000001
338,cnk6um,"Daily Discussion Thread - August 08, 2019",https://www.reddit.com/r/wallstreetbets/comments/cnk6um/daily_discussion_thread_august_08_2019/,2019-08-08,Daily Discussion,6.501000000000001
339,co0uvn,"Daily Discussion Thread - August 09, 2019",https://www.reddit.com/r/wallstreetbets/comments/co0uvn/daily_discussion_thread_august_09_2019/,2019-08-09,Daily Discussion,-8.776799999999996
342,cqoc7q,"Daily Discussion Thread - August 15, 2019",https://www.reddit.com/r/wallstreetbets/comments/cqoc7q/daily_discussion_thread_august_15_2019/,2019-08-15,Daily Discussion,-7.4731999999999985
344,cswt0a,"Daily Discussion Thread - August 20, 2019",https://www.reddit.com/r/wallstreetbets/comments/cswt0a/daily_discussion_thread_august_20_2019/,2019-08-20,Daily Discussion,-15.856199999999996
346,ctvutu,"Daily Discussion Thread - August 22, 2019",https://www.reddit.com/r/wallstreetbets/comments/ctvutu/daily_discussion_thread_august_22_2019/,2019-08-22,Daily Discussion,-1.4053000000000004
348,cvmk3m,"Daily Discussion Thread - August 26, 2019",https://www.reddit.com/r/wallstreetbets/comments/cvmk3m/daily_discussion_thread_august_26_2019/,2019-08-26,Daily Discussion,-1.580300000000001
350,cwj9cz,"Daily Discussion Thread - August 28, 2019",https://www.reddit.com/r/wallstreetbets/comments/cwj9cz/daily_discussion_thread_august_28_2019/,2019-08-28,Daily Discussion,-9.767899999999992
352,cynl82,"Daily Discussion Thread - September 02, 2019",https://www.reddit.com/r/wallstreetbets/comments/cynl82/daily_discussion_thread_september_02_2019/,2019-09-02,Daily Discussion,9.4067
353,cz3d4f,"Daily Discussion Thread - September 03, 2019",https://www.reddit.com/r/wallstreetbets/comments/cz3d4f/daily_discussion_thread_september_03_2019/,2019-09-03,Daily Discussion,-14.088599999999989
354,czjcda,"Daily Discussion Thread - September 04, 2019",https://www.reddit.com/r/wallstreetbets/comments/czjcda/daily_discussion_thread_september_04_2019/,2019-09-04,Daily Discussion,2.504199999999997
355,czzbbz,"Daily Discussion Thread - September 05, 2019",https://www.reddit.com/r/wallstreetbets/comments/czzbbz/daily_discussion_thread_september_05_2019/,2019-09-05,Daily Discussion,8.781199999999998
356,d0f68m,"Daily Discussion Thread - September 06, 2019",https://www.reddit.com/r/wallstreetbets/comments/d0f68m/daily_discussion_thread_september_06_2019/,2019-09-06,Daily Discussion,-18.2075
358,d2od9i,"Daily Discussion Thread - September 11, 2019",https://www.reddit.com/r/wallstreetbets/comments/d2od9i/daily_discussion_thread_september_11_2019/,2019-09-11,Daily Discussion,7.083900000000012
362,d5fdig,"Daily Discussion Thread - September 17, 2019",https://www.reddit.com/r/wallstreetbets/comments/d5fdig/daily_discussion_thread_september_17_2019/,2019-09-17,Daily Discussion,-17.9038
363,d5w4jo,"Daily Discussion Thread - September 18, 2019",https://www.reddit.com/r/wallstreetbets/comments/d5w4jo/daily_discussion_thread_september_18_2019/,2019-09-18,Daily Discussion,-12.0591
364,d6cfvs,"Daily Discussion Thread - September 19, 2019",https://www.reddit.com/r/wallstreetbets/comments/d6cfvs/daily_discussion_thread_september_19_2019/,2019-09-19,Daily Discussion,-2.2567999999999975
365,d6tabg,"Daily Discussion Thread - September 20, 2019",https://www.reddit.com/r/wallstreetbets/comments/d6tabg/daily_discussion_thread_september_20_2019/,2019-09-20,Daily Discussion,-12.41279999999999
368,d9i3d1,"Daily Discussion Thread - September 26, 2019",https://www.reddit.com/r/wallstreetbets/comments/d9i3d1/daily_discussion_thread_september_26_2019/,2019-09-26,Daily Discussion,-11.352
372,dd5un3,"Daily Discussion Thread - October 04, 2019",https://www.reddit.com/r/wallstreetbets/comments/dd5un3/daily_discussion_thread_october_04_2019/,2019-10-04,Daily Discussion,-4.699299999999996
374,deyf21,"Daily Discussion Thread - October 08, 2019",https://www.reddit.com/r/wallstreetbets/comments/deyf21/daily_discussion_thread_october_08_2019/,2019-10-08,Daily Discussion,-0.24820000000000397
376,dgdkg2,"Daily Discussion Thread - October 11, 2019",https://www.reddit.com/r/wallstreetbets/comments/dgdkg2/daily_discussion_thread_october_11_2019/,2019-10-11,Daily Discussion,8.215400000000008
379,dinpvt,"Daily Discussion Thread - October 16, 2019",https://www.reddit.com/r/wallstreetbets/comments/dinpvt/daily_discussion_thread_october_16_2019/,2019-10-16,Daily Discussion,-21.812099999999987
381,djlwg3,"Daily Discussion Thread - October 18, 2019",https://www.reddit.com/r/wallstreetbets/comments/djlwg3/daily_discussion_thread_october_18_2019/,2019-10-18,Daily Discussion,-1.3949000000000005
385,dmvv6a,"Daily Discussion Thread - October 25, 2019",https://www.reddit.com/r/wallstreetbets/comments/dmvv6a/daily_discussion_thread_october_25_2019/,2019-10-25,Daily Discussion,-13.185700000000013
387,doo98t,"Daily Discussion Thread - October 29, 2019",https://www.reddit.com/r/wallstreetbets/comments/doo98t/daily_discussion_thread_october_29_2019/,2019-10-29,Daily Discussion,7.246399999999996
390,drxo17,"Daily Discussion Thread - November 05, 2019",https://www.reddit.com/r/wallstreetbets/comments/drxo17/daily_discussion_thread_november_05_2019/,2019-11-05,Daily Discussion,-12.751700000000001
391,dsespz,"Daily Discussion Thread - November 06, 2019",https://www.reddit.com/r/wallstreetbets/comments/dsespz/daily_discussion_thread_november_06_2019/,2019-11-06,Daily Discussion,3.8782000000000014
392,dsw7tk,"Daily Discussion Thread - November 07, 2019",https://www.reddit.com/r/wallstreetbets/comments/dsw7tk/daily_discussion_thread_november_07_2019/,2019-11-07,Daily Discussion,-3.1828999999999956
396,dvq8jf,"Daily Discussion Thread - November 13, 2019",https://www.reddit.com/r/wallstreetbets/comments/dvq8jf/daily_discussion_thread_november_13_2019/,2019-11-13,Daily Discussion,-8.039399999999997
398,dwp9pe,"Daily Discussion Thread - November 15, 2019",https://www.reddit.com/r/wallstreetbets/comments/dwp9pe/daily_discussion_thread_november_15_2019/,2019-11-15,Daily Discussion,-4.233800000000003
399,dy1s47,"Daily Discussion Thread - November 18, 2019",https://www.reddit.com/r/wallstreetbets/comments/dy1s47/daily_discussion_thread_november_18_2019/,2019-11-18,Daily Discussion,8.33970000000001
400,dzhqjm,"Daily Discussion Thread - November 21, 2019",https://www.reddit.com/r/wallstreetbets/comments/dzhqjm/daily_discussion_thread_november_21_2019/,2019-11-21,Daily Discussion,-12.885599999999993
401,dzzith,"Daily Discussion Thread - November 22, 2019",https://www.reddit.com/r/wallstreetbets/comments/dzzith/daily_discussion_thread_november_22_2019/,2019-11-22,Daily Discussion,-2.9748999999999954
404,e2wlh4,"Daily Discussion Thread - November 28, 2019",https://www.reddit.com/r/wallstreetbets/comments/e2wlh4/daily_discussion_thread_november_28_2019/,2019-11-28,Daily Discussion,16.384199999999996
405,e3decj,"Daily Discussion Thread - November 29, 2019",https://www.reddit.com/r/wallstreetbets/comments/e3decj/daily_discussion_thread_november_29_2019/,2019-11-29,Daily Discussion,11.481800000000007
412,e8p94h,"Daily Discussion Thread - December 10, 2019",https://www.reddit.com/r/wallstreetbets/comments/e8p94h/daily_discussion_thread_december_10_2019/,2019-12-10,Daily Discussion,-12.022499999999999
419,eej9lm,"Daily Discussion Thread - December 23, 2019",https://www.reddit.com/r/wallstreetbets/comments/eej9lm/daily_discussion_thread_december_23_2019/,2019-12-23,Daily Discussion,6.686699999999995
420,ef00vu,"Daily Discussion Thread - December 24, 2019",https://www.reddit.com/r/wallstreetbets/comments/ef00vu/daily_discussion_thread_december_24_2019/,2019-12-24,Daily Discussion,14.8078
422,efu848,"Daily Discussion Thread - December 26, 2019",https://www.reddit.com/r/wallstreetbets/comments/efu848/daily_discussion_thread_december_26_2019/,2019-12-26,Daily Discussion,-3.984899999999998
423,ei1j5y,"Daily Discussion Thread - December 31, 2019",https://www.reddit.com/r/wallstreetbets/comments/ei1j5y/daily_discussion_thread_december_31_2019/,2019-12-31,Daily Discussion,6.263200000000001
424,eih9st,"Daily Discussion Thread - January 01, 2020",https://www.reddit.com/r/wallstreetbets/comments/eih9st/daily_discussion_thread_january_01_2020/,2020-01-01,Daily Discussion,2.3576000000000046
425,eiwx9h,"Daily Discussion Thread - January 02, 2020",https://www.reddit.com/r/wallstreetbets/comments/eiwx9h/daily_discussion_thread_january_02_2020/,2020-01-02,Daily Discussion,11.237900000000003
426,ejdzm4,"Daily Discussion Thread - January 03, 2020",https://www.reddit.com/r/wallstreetbets/comments/ejdzm4/daily_discussion_thread_january_03_2020/,2020-01-03,Daily Discussion,-18.411800000000003
431,eojv73,"Daily Discussion Thread - January 14, 2020",https://www.reddit.com/r/wallstreetbets/comments/eojv73/daily_discussion_thread_january_14_2020/,2020-01-14,Daily Discussion,12.9539
432,ep0xus,"Daily Discussion Thread - January 15, 2020",https://www.reddit.com/r/wallstreetbets/comments/ep0xus/daily_discussion_thread_january_15_2020/,2020-01-15,Daily Discussion,20.151700000000005
433,ephwka,"Daily Discussion Thread - January 16, 2020",https://www.reddit.com/r/wallstreetbets/comments/ephwka/daily_discussion_thread_january_16_2020/,2020-01-16,Daily Discussion,3.9854999999999996
434,epyz0g,"Daily Discussion Thread - January 17, 2020",https://www.reddit.com/r/wallstreetbets/comments/epyz0g/daily_discussion_thread_january_17_2020/,2020-01-17,Daily Discussion,12.330700000000007
436,ert4bk,"Daily Discussion Thread - January 21, 2020",https://www.reddit.com/r/wallstreetbets/comments/ert4bk/daily_discussion_thread_january_21_2020/,2020-01-21,Daily Discussion,-2.2432999999999987
437,esrlmx,"Daily Discussion Thread - January 23, 2020",https://www.reddit.com/r/wallstreetbets/comments/esrlmx/daily_discussion_thread_january_23_2020/,2020-01-23,Daily Discussion,-11.505600000000003
438,et8xus,"Daily Discussion Thread - January 24, 2020",https://www.reddit.com/r/wallstreetbets/comments/et8xus/daily_discussion_thread_january_24_2020/,2020-01-24,Daily Discussion,-27.579800000000002
439,ev46l5,"Daily Discussion Thread - January 28, 2020",https://www.reddit.com/r/wallstreetbets/comments/ev46l5/daily_discussion_thread_january_28_2020/,2020-01-28,Daily Discussion,6.0220999999999965
441,ew3qro,"Daily Discussion Thread - January 30, 2020",https://www.reddit.com/r/wallstreetbets/comments/ew3qro/daily_discussion_thread_january_30_2020/,2020-01-30,Daily Discussion,-23.169999999999987
442,ewmvzu,"Daily Discussion Thread - January 31, 2020",https://www.reddit.com/r/wallstreetbets/comments/ewmvzu/daily_discussion_thread_january_31_2020/,2020-01-31,Daily Discussion,-20.695400000000017
444,eyoh7t,"Daily Discussion Thread - February 04, 2020",https://www.reddit.com/r/wallstreetbets/comments/eyoh7t/daily_discussion_thread_february_04_2020/,2020-02-04,Daily Discussion,-4.858499999999995
445,ez7z3h,"Daily Discussion Thread - February 05, 2020",https://www.reddit.com/r/wallstreetbets/comments/ez7z3h/daily_discussion_thread_february_05_2020/,2020-02-05,Daily Discussion,-6.551700000000001
448,f1osqm,"Daily Discussion Thread - February 10, 2020",https://www.reddit.com/r/wallstreetbets/comments/f1osqm/daily_discussion_thread_february_10_2020/,2020-02-10,Daily Discussion,7.638900000000001
452,f2plur,"Daily Discussion Thread - February 12, 2020",https://www.reddit.com/r/wallstreetbets/comments/f2plur/daily_discussion_thread_february_12_2020/,2020-02-12,Daily Discussion,4.907900000000001
454,f3qool,"Daily Discussion Thread - February 14, 2020",https://www.reddit.com/r/wallstreetbets/comments/f3qool/daily_discussion_thread_february_14_2020/,2020-02-14,Daily Discussion,-8.931299999999998
455,f577wz,"Daily Discussion Thread - February 17, 2020",https://www.reddit.com/r/wallstreetbets/comments/f577wz/daily_discussion_thread_february_17_2020/,2020-02-17,Daily Discussion,-10.25
456,f5q5s2,"Daily Discussion Thread - February 18, 2020",https://www.reddit.com/r/wallstreetbets/comments/f5q5s2/daily_discussion_thread_february_18_2020/,2020-02-18,Daily Discussion,4.397799999999997
457,f69d94,"Daily Discussion Thread - February 19, 2020",https://www.reddit.com/r/wallstreetbets/comments/f69d94/daily_discussion_thread_february_19_2020/,2020-02-19,Daily Discussion,3.251500000000003
460,f8pouu,"Daily Discussion Thread - February 24, 2020",https://www.reddit.com/r/wallstreetbets/comments/f8pouu/daily_discussion_thread_february_24_2020/,2020-02-24,Daily Discussion,-30.468300000000003
462,f9rm6p,"Daily Discussion Thread - February 26, 2020",https://www.reddit.com/r/wallstreetbets/comments/f9rm6p/daily_discussion_thread_february_26_2020/,2020-02-26,Daily Discussion,-22.063399999999994
463,faahp8,"Daily Discussion Thread - February 27, 2020",https://www.reddit.com/r/wallstreetbets/comments/faahp8/daily_discussion_thread_february_27_2020/,2020-02-27,Daily Discussion,-31.26290000000002
466,fct06c,"Daily Discussion Thread - March 03, 2020",https://www.reddit.com/r/wallstreetbets/comments/fct06c/daily_discussion_thread_march_03_2020/,2020-03-03,Daily Discussion,-38.856400000000036
469,febypd,"Daily Discussion Thread - March 06, 2020",https://www.reddit.com/r/wallstreetbets/comments/febypd/daily_discussion_thread_march_06_2020/,2020-03-06,Daily Discussion,-3.4147999999999983
472,fgc3hy,"Daily Discussion Thread - March 10, 2020",https://www.reddit.com/r/wallstreetbets/comments/fgc3hy/daily_discussion_thread_march_10_2020/,2020-03-10,Daily Discussion,-8.6836
473,fgvdtv,"Daily Discussion Thread - March 11, 2020",https://www.reddit.com/r/wallstreetbets/comments/fgvdtv/daily_discussion_thread_march_11_2020/,2020-03-11,Daily Discussion,-24.73699999999999
474,fhelvw,"Daily Discussion Thread - March 12, 2020",https://www.reddit.com/r/wallstreetbets/comments/fhelvw/daily_discussion_thread_march_12_2020/,2020-03-12,Daily Discussion,-10.668799999999997
475,fhxx4m,"Daily Discussion Thread - March 13, 2020",https://www.reddit.com/r/wallstreetbets/comments/fhxx4m/daily_discussion_thread_march_13_2020/,2020-03-13,Daily Discussion,-6.178899999999989
476,fjj89q,"Daily Discussion Thread - March 16, 2020",https://www.reddit.com/r/wallstreetbets/comments/fjj89q/daily_discussion_thread_march_16_2020/,2020-03-16,Daily Discussion,-2.0973999999999986
483,frorn1,"Daily Discussion Thread - March 30, 2020",https://www.reddit.com/r/wallstreetbets/comments/frorn1/daily_discussion_thread_march_30_2020/,2020-03-30,Daily Discussion,-40.88750000000002
484,fsxqpm,"Daily Discussion Thread - April 01, 2020",https://www.reddit.com/r/wallstreetbets/comments/fsxqpm/daily_discussion_thread_april_01_2020/,2020-04-01,Daily Discussion,-8.406999999999995
485,ftkgj6,"Daily Discussion Thread - April 02, 2020",https://www.reddit.com/r/wallstreetbets/comments/ftkgj6/daily_discussion_thread_april_02_2020/,2020-04-02,Daily Discussion,-31.64549999999998
487,fvwu06,"Daily Discussion Thread - April 06, 2020",https://www.reddit.com/r/wallstreetbets/comments/fvwu06/daily_discussion_thread_april_06_2020/,2020-04-06,Daily Discussion,-18.27969999999999
491,g0gvfn,"Daily Discussion Thread - April 13, 2020",https://www.reddit.com/r/wallstreetbets/comments/g0gvfn/daily_discussion_thread_april_13_2020/,2020-04-13,Daily Discussion,-8.296199999999997
492,g13jnz,"Daily Discussion Thread - April 14, 2020",https://www.reddit.com/r/wallstreetbets/comments/g13jnz/daily_discussion_thread_april_14_2020/,2020-04-14,Daily Discussion,-23.42899999999999
493,g1pvny,"Daily Discussion Thread - April 15, 2020",https://www.reddit.com/r/wallstreetbets/comments/g1pvny/daily_discussion_thread_april_15_2020/,2020-04-15,Daily Discussion,-14.525599999999992
494,g2c9fj,"Daily Discussion Thread for April 16, 2020",https://www.reddit.com/r/wallstreetbets/comments/g2c9fj/daily_discussion_thread_for_april_16_2020/,2020-04-16,Daily Discussion,-20.168299999999995
496,g2z9p8,"Daily Discussion Thread for April 17, 2020",https://www.reddit.com/r/wallstreetbets/comments/g2z9p8/daily_discussion_thread_for_april_17_2020/,2020-04-17,Daily Discussion,-7.7513999999999985
497,g5cllb,"Daily Discussion Thread for April 21, 2020",https://www.reddit.com/r/wallstreetbets/comments/g5cllb/daily_discussion_thread_for_april_21_2020/,2020-04-21,Daily Discussion,-4.711900000000005
499,g8y4jt,"Daily Discussion Thread for April 27, 2020",https://www.reddit.com/r/wallstreetbets/comments/g8y4jt/daily_discussion_thread_for_april_27_2020/,2020-04-27,Daily Discussion,-11.95759999999999
501,gaszeo,"Daily Discussion Thread for April 30, 2020",https://www.reddit.com/r/wallstreetbets/comments/gaszeo/daily_discussion_thread_for_april_30_2020/,2020-04-30,Daily Discussion,-15.718999999999985
503,gd8zpy,"Daily Discussion Thread for May 04, 2020",https://www.reddit.com/r/wallstreetbets/comments/gd8zpy/daily_discussion_thread_for_may_04_2020/,2020-05-04,Daily Discussion,-12.56929999999999
504,gdv4qs,"Daily Discussion Thread for May 05, 2020",https://www.reddit.com/r/wallstreetbets/comments/gdv4qs/daily_discussion_thread_for_may_05_2020/,2020-05-05,Daily Discussion,-24.358899999999988
506,gf3vim,"Daily Discussion Thread for May 07, 2020",https://www.reddit.com/r/wallstreetbets/comments/gf3vim/daily_discussion_thread_for_may_07_2020/,2020-05-07,Daily Discussion,-22.251600000000003
507,gfqjq5,"Daily Discussion Thread for May 08, 2020",https://www.reddit.com/r/wallstreetbets/comments/gfqjq5/daily_discussion_thread_for_may_08_2020/,2020-05-08,Daily Discussion,-18.567399999999996
509,gi8h6c,"Daily Discussion Thread for May 12, 2020",https://www.reddit.com/r/wallstreetbets/comments/gi8h6c/daily_discussion_thread_for_may_12_2020/,2020-05-12,Daily Discussion,4.500499999999998
510,gjjjxj,"Daily Discussion Thread for May 14, 2020",https://www.reddit.com/r/wallstreetbets/comments/gjjjxj/daily_discussion_thread_for_may_14_2020/,2020-05-14,Daily Discussion,-30.047599999999992
512,glyucu,"Daily Discussion Thread for May 18, 2020",https://www.reddit.com/r/wallstreetbets/comments/glyucu/daily_discussion_thread_for_may_18_2020/,2020-05-18,Daily Discussion,11.917600000000004
513,gmlsuw,"Daily Discussion Thread for May 19, 2020",https://www.reddit.com/r/wallstreetbets/comments/gmlsuw/daily_discussion_thread_for_may_19_2020/,2020-05-19,Daily Discussion,6.948600000000008
514,gn8r9k,"Daily Discussion Thread for May 20, 2020",https://www.reddit.com/r/wallstreetbets/comments/gn8r9k/daily_discussion_thread_for_may_20_2020/,2020-05-20,Daily Discussion,-10.62809999999999
516,gnu61u,"Daily Discussion Thread for May 21, 2020",https://www.reddit.com/r/wallstreetbets/comments/gnu61u/daily_discussion_thread_for_may_21_2020/,2020-05-21,Daily Discussion,-22.9253
517,gogpfy,"Daily Discussion Thread for May 22, 2020",https://www.reddit.com/r/wallstreetbets/comments/gogpfy/daily_discussion_thread_for_may_22_2020/,2020-05-22,Daily Discussion,-15.495899999999995
519,gq8jvr,"Daily Discussion Thread for May 25, 2020",https://www.reddit.com/r/wallstreetbets/comments/gq8jvr/daily_discussion_thread_for_may_25_2020/,2020-05-25,Daily Discussion,19.767800000000005
520,gqubyt,"Daily Discussion Thread for May 26, 2020",https://www.reddit.com/r/wallstreetbets/comments/gqubyt/daily_discussion_thread_for_may_26_2020/,2020-05-26,Daily Discussion,1.6464000000000034
521,grh1fv,"Daily Discussion Thread for May 27, 2020",https://www.reddit.com/r/wallstreetbets/comments/grh1fv/daily_discussion_thread_for_may_27_2020/,2020-05-27,Daily Discussion,-3.829599999999998
522,gs3jqo,"Daily Discussion Thread for May 28, 2020",https://www.reddit.com/r/wallstreetbets/comments/gs3jqo/daily_discussion_thread_for_may_28_2020/,2020-05-28,Daily Discussion,-25.890299999999993
525,guoxyq,"Daily Discussion Thread for June 1, 2020",https://www.reddit.com/r/wallstreetbets/comments/guoxyq/daily_discussion_thread_for_june_1_2020/,2020-06-01,Daily Discussion,14.239299999999997
526,gv4nuh,"Daily Discussion Thread for June 02, 2020",https://www.reddit.com/r/wallstreetbets/comments/gv4nuh/daily_discussion_thread_for_june_02_2020/,2020-06-02,Daily Discussion,8.4348
527,gvr9zj,"Daily Discussion Thread for June 03, 2020",https://www.reddit.com/r/wallstreetbets/comments/gvr9zj/daily_discussion_thread_for_june_03_2020/,2020-06-03,Daily Discussion,-9.877099999999999
528,gwenjo,"Daily Discussion Thread for June 04, 2020",https://www.reddit.com/r/wallstreetbets/comments/gwenjo/daily_discussion_thread_for_june_04_2020/,2020-06-04,Daily Discussion,3.4036000000000035
529,gx1vt8,"Daily Discussion Thread for June 05, 2020",https://www.reddit.com/r/wallstreetbets/comments/gx1vt8/daily_discussion_thread_for_june_05_2020/,2020-06-05,Daily Discussion,14.903199999999995
530,gywpuw,"Daily Discussion Thread for June 08, 2020",https://www.reddit.com/r/wallstreetbets/comments/gywpuw/daily_discussion_thread_for_june_08_2020/,2020-06-08,Daily Discussion,17.28110000000001
531,h07z0d,"Daily Discussion Thread for June 10, 2020",https://www.reddit.com/r/wallstreetbets/comments/h07z0d/daily_discussion_thread_for_june_10_2020/,2020-06-10,Daily Discussion,-21.178100000000008
533,h7i2lz,"Daily Discussion Thread for June 12, 2020",https://www.reddit.com/r/wallstreetbets/comments/h7i2lz/daily_discussion_thread_for_june_12_2020/,2020-06-12,Daily Discussion,-11.226100000000002
540,hebygw,"Daily Discussion Thread for June 23, 2020",https://www.reddit.com/r/wallstreetbets/comments/hebygw/daily_discussion_thread_for_june_23_2020/,2020-06-23,Daily Discussion,-1.7282999999999946
541,heyhlj,"Daily Discussion Thread for June 24, 2020",https://www.reddit.com/r/wallstreetbets/comments/heyhlj/daily_discussion_thread_for_june_24_2020/,2020-06-24,Daily Discussion,-4.177699999999997
547,hmrv6e,"Daily Discussion Thread for July 07, 2020",https://www.reddit.com/r/wallstreetbets/comments/hmrv6e/daily_discussion_thread_for_july_07_2020/,2020-07-07,Daily Discussion,1.4881999999999993
548,hnegmj,"Daily Discussion Thread for July 08, 2020",https://www.reddit.com/r/wallstreetbets/comments/hnegmj/daily_discussion_thread_for_july_08_2020/,2020-07-08,Daily Discussion,-4.060200000000002
549,ho0krw,"Daily Discussion Thread for July 09, 2020",https://www.reddit.com/r/wallstreetbets/comments/ho0krw/daily_discussion_thread_for_july_09_2020/,2020-07-09,Daily Discussion,12.425799999999999
